,Institution,Faculty Name,Field,HomePage,Research Interests,Scholar Url,h_index,i10_index,Image
126,Indian Institute of Technology Guwahati,A. B. Kunnumakkara,Biosciences and Bioengineering Centre for the Environment,https://iitg.ac.in/iitg_faculty_details?name=A.%20B.-Kunnumakkara&fac=K3grbm5VWWJZaTQ3RFdUNFhJRjFmdz09,"[ 'Role of inflammatory pathway in cancer development ' , ' Identification of novel biomarkers for cancer diagnosis and prognosis ' , ' Cancer drug discovery ' , ' Development of transgenic and gene knockout mouse model for biomedical research . ' ]",https://scholar.google.co.in/citations?user=shLBfaQAAAAJ,132,654,https://iitg.ac.in/storage/faculty/9998img.jpg
127,Indian Institute of Technology Guwahati,Aditya Narayan Panda,Chemistry,https://iitg.ac.in/iitg_faculty_details?name=Aditya%20Narayan-Panda&fac=dGFhbU9rNng1OE5MeUJXdUFieHBGQT09,[ 'Dynamics of bimolecular scattering process . ' ],https://scholar.google.co.in/citations?user=YTdrtRwAAAAJ,18,27,https://iitg.ac.in/storage/faculty/8678faculty.JPG
128,Indian Institute of Technology Guwahati,Aiyagari Ramesh,Biosciences and Bioengineering Centre for the Environment,https://iitg.ac.in/iitg_faculty_details?name=Aiyagari-Ramesh&fac=Y3dPS05sM3VIdGIwK0tBNnpDSmpWZz09,"[ 'Nanobiotechnology ' , ' Chemistry-Biology Interface for Developing Antibacterials and Sensors ' ]",https://scholar.google.co.in/citations?user=Wn-QCpkAAAAJ,6,3,https://iitg.ac.in/storage/faculty/6563img.jpg
129,Indian Institute of Technology Guwahati,Ajay Kalamdhad,Civil Engineering Centre for the Environment Centre for Sustainable Polymers School of Agro and Rural Technology,https://iitg.ac.in/iitg_faculty_details?name=Ajay-Kalamdhad&fac=RjhzUFBPOWFvcTFTdDhkNHFENmVSQT09,[ 'Environmental Engineering ' ],https://scholar.google.co.in/citations?user=6ElkLskAAAAJ,46,153,https://iitg.ac.in/storage/faculty/9474faculty.JPG
130,Indian Institute of Technology Guwahati,Akhilesh Kumar Maurya,Civil Engineering Centre for Disaster Management and Research Centre for Drone Technology,https://iitg.ac.in/iitg_faculty_details?name=Akhilesh-Kumar%20Maurya&fac=dllnemdETlhaV250a0R1TVpQb0xYdz09,[ ' * Driver behaviour * Traffic flow theory and model * Traffic engineering ' ],https://scholar.google.co.in/citations?user=9Z4kD-sAAAAJ,69,173,https://iitg.ac.in/storage/faculty/22133130faculty.JPG
131,Indian Institute of Technology Guwahati,Alika Khare,Physics Centre for Indian Knowledge Systems,https://iitg.ac.in/iitg_faculty_details?name=Alika-Khare&fac=RnR2a2o5MVExaWYwamRyZmhmSWQyUT09,"[ 'Laser Physics and Spectroscopy ' , ' Laser Matter Interaction ' , ' Plasma Diagnostics ' , ' Interferometry . ' ]",https://scholar.google.co.in/citations?user=syq4Ao8AAAAJ,0,0,https://iitg.ac.in/storage/faculty/2443faculty.JPG
132,Indian Institute of Technology Guwahati,Aloke Kumar Ghoshal,Chemical Engineering,https://iitg.ac.in/iitg_faculty_details?name=Aloke%20Kumar-Ghoshal&fac=WG9wMVdZczJpZ0RybEptc3lkTWNQdz09,"[ 'Advanced Separation Technology ' , ' Modeling & Simulation ' , ' Environmental Pollution Control ' , ' Pyrolysis of waste plastic . ' ]",https://scholar.google.co.in/citations?user=9Z4kD-sAAAAJ,69,173,https://iitg.ac.in/storage/faculty/1931faculty.JPG
133,Indian Institute of Technology Guwahati,Amarendra Kumar Sarma,Physics,https://iitg.ac.in/iitg_faculty_details?name=Amarendra-Kumar%20Sarma&fac=a0NOMnlidnV2dGlZTnFvbDMvRW42dz09,"[ 'Nonlinear and Quantum Optics ( Theory ) ; Quantum Optomechanics ' , ' Optical Force ' , ' Cavity QED ' , ' Coherent control ' , ' Extreme Nonlinear Optics ' , ' Solitons ' , ' Nonlinear Fiber Optics ' , ' Nonlinear Dynamics ' , ' Plasmonics and Transformation Optics ' , ' Parity-time Symmetric Optics . ' ]",https://scholar.google.co.in/citations?user=9Z4kD-sAAAAJ,69,173,https://iitg.ac.in/storage/faculty/8954faculty.JPG
134,Indian Institute of Technology Guwahati,Amaresh Dalal,Mechanical Engineering,https://iitg.ac.in/iitg_faculty_details?name=Amaresh-Dalal&fac=aFFjQndmemFmWXREWnBvOU5aMmRQUT09,[ 'Natural and Mixed Convection Flows | Electrochemical Energy Conversion and Storage | CFD | Heat Transfer | Structured Grid Techniques in Curvilinear Coordinates | Finite Volume Methods and Unstructured Grid Techniques | ' ],https://scholar.google.co.in/citations?user=dhgUamwAAAAJ,28,54,https://iitg.ac.in/storage/faculty/7539faculty.JPG
135,Indian Institute of Technology Guwahati,Ananthakrishnan Srinivasan,Physics,https://iitg.ac.in/iitg_faculty_details?name=Ananthakrishnan-Srinivasan&fac=bjY3dko4Z2RKN2ltcktqSDl2YmtrQT09,"[ 'Glasses and Disordered Materials ' , ' Thin Films ' , ' Metallic Alloys ' , ' Nanophase material ' , ' Shape Memory Alloys . ' ]",https://scholar.google.co.in/citations?user=UjWU0YwAAAAJ,29,69,https://iitg.ac.in/storage/faculty/2529faculty.JPG
136,Indian Institute of Technology Guwahati,Anil Kumar Saikia,Chemistry,https://iitg.ac.in/iitg_faculty_details?name=Anil%20Kumar-Saikia&fac=cmNOUG0wTVhKWEMzNUVQbnZNdk9odz09,[ 'New Synthetic Methodology & Natural Product Synthesis . ' ],https://scholar.google.co.in/citations?user=9Z4kD-sAAAAJ,69,173,https://iitg.ac.in/storage/faculty/7943faculty.JPG
137,Indian Institute of Technology Guwahati,Animes Kr. Golder,Chemical Engineering Centre for the Environment,https://iitg.ac.in/iitg_faculty_details?name=Animes%20Kr.-Golder&fac=YmM4K092YU9WWDdNVnNRcFpxbXlBQT09,[ 'Photocatalytic water treatment and water-splitting | Nanoparticles for water purification and sensor development | Electro-and bio-remediation of heavy metal | Advanced oxidation process | Physiochemical water treatment technique ' ],https://scholar.google.co.in/citations?user=FCKLeO8AAAAJ,16,30,https://iitg.ac.in/storage/faculty/9918faculty.JPG
138,Indian Institute of Technology Guwahati,Anjan Dutta,Civil Engineering,https://iitg.ac.in/iitg_faculty_details?name=Anjan-Dutta&fac=MDJNektTSkJnODVDS1JoZ2M3VHlnZz09,"[ ' * Finite Element Mesh Generation * Optimization * Control ' , ' Health Monitoring and Retrofitting of structure ' ]",https://scholar.google.co.in/citations?user=HSRALWQAAAAJ,21,44,https://iitg.ac.in/storage/faculty/970faculty.JPG
139,Indian Institute of Technology Guwahati,Anoop K. Dass,Mechanical Engineering,https://iitg.ac.in/iitg_faculty_details?name=Anoop-K.%20Dass&fac=YUN5QUhIa1dGMmtKdXFIYzhuT1ZqZz09,[ 'Turbomachines | Computational Fluid Dynamics ' ],https://scholar.google.co.in/citations?user=9Z4kD-sAAAAJ,69,173,https://iitg.ac.in/storage/faculty/4097faculty.JPG
140,Indian Institute of Technology Guwahati,Anugrah Singh,Chemical Engineering,https://iitg.ac.in/iitg_faculty_details?name=Anugrah-Singh&fac=a2JuVHFCSVFkRmxMcUtzdkg2YnNBUT09,"[ 'Computational and Experimental Fluid Dynamics ' , ' Rheology of Complex Fluids ' , ' Microfluidics ' , ' Material Processing ' , ' Flow through Porous Media . ' ]",https://scholar.google.co.in/citations?user=RecJ8mAAAAAJ,22,63,https://iitg.ac.in/storage/faculty/8554faculty.JPG
141,Indian Institute of Technology Guwahati,Anumita Paul,Chemistry,https://iitg.ac.in/iitg_faculty_details?name=Anumita-Paul&fac=ZVZGZjQwNkQ4STlxeTJmaytndXljZz09,"[ 'Surface Science ' , ' Catalysis ' , ' Thin Films . ' ]",https://scholar.google.co.in/citations?user=u2LicBYAAAAJ,25,53,https://iitg.ac.in/storage/faculty/1752faculty.JPG
142,Indian Institute of Technology Guwahati,Anupam Saikia,Mathematics,https://iitg.ac.in/iitg_faculty_details?name=Anupam-Saikia&fac=L2dNN3U5NWk5Z1Q3TE40TExQY093Zz09,[ 'Number Theory ' ],https://scholar.google.co.in/citations?user=R_2IFrQAAAAJ,27,61,https://iitg.ac.in/storage/faculty/1021faculty.JPG
143,Indian Institute of Technology Guwahati,Arbind K. Singh,Civil Engineering Centre for Indian Knowledge Systems,https://iitg.ac.in/iitg_faculty_details?name=Arbind-K.%20Singh&fac=YTFqd2tFejkrUjN2SjYvOXFCLy9IUT09,"[ 'Computational Mechanics ' , ' IT in Construction Management ' ]",https://scholar.google.co.in/citations?user=9Z4kD-sAAAAJ,69,173,https://iitg.ac.in/storage/faculty/7683Arbind_K_Singh.jpg
144,Indian Institute of Technology Guwahati,Arijit Sur,Computer Science and Engineering Centre for Intelligent Cyber-Physical Systems,https://iitg.ac.in/iitg_faculty_details?name=Arijit-Sur&fac=c1hXZFMzeTYvQU00OE9kMkdDeHdIUT09,"[ 'Computer Vision ' , ' Image and Video Processing ' , ' Media Forensics : Image and Video Watermarking ' , ' Steganography ' , ' Steganalysis ' , ' Multimedia Streaming . ' ]",https://scholar.google.co.in/citations?user=-klnWqYAAAAJ,16,32,https://iitg.ac.in/storage/faculty/3948faculty.JPG
145,Indian Institute of Technology Guwahati,Arun Chattopadhyay,Chemistry Centre for Nanotechnology,https://iitg.ac.in/iitg_faculty_details?name=Arun-Chattopadhyay&fac=VFNtcERPQ1NkRk1PTWQ4RE9YbTBwZz09,"[ 'Thin Films ' , ' Membrane Sciences ' , ' and Nano Science & Technologies . ' ]",https://scholar.google.co.in/citations?user=Ym02t0UAAAAJ,48,139,https://iitg.ac.in/storage/faculty/1287faculty.JPG
146,Indian Institute of Technology Guwahati,Arun Goyal,Biosciences and Bioengineering Centre for the Environment Centre for Indian Knowledge Systems,https://iitg.ac.in/iitg_faculty_details?name=Arun-Goyal&fac=QThEL1NzMFptNWtyUjhRMGFWbmpqQT09,"[ 'Molecular Biology ' , ' Protein Engineering ' , ' Structural and Functional Proteomics of Carbohydrate active enzyme and other industrially important microbial enzyme ' ]",https://scholar.google.co.in/citations?user=5Zq5WeAAAAAJ,46,166,https://iitg.ac.in/storage/faculty/4528img.jpg
147,Indian Institute of Technology Guwahati,Arunansu Sil,Physics,https://iitg.ac.in/iitg_faculty_details?name=Arunansu-Sil&fac=aHIreHh0UkFvWVdsMHhSNTNSYlJMdz09,"[ 'High Energy Physics & amp ; Cosmology ( Theory ) ; Phenomenology of Physics beyond the Standard Model ' , ' Supersymmetry and its breaking ' , ' Neutrino Physics ' , ' Matter-antimatter asymmetry of the Universe ' , ' Inflation ' , ' Dark Matter . ' ]",https://scholar.google.co.in/citations?user=3HGfO_8AAAAJ,17,30,https://iitg.ac.in/storage/faculty/3772faculty.JPG
148,Indian Institute of Technology Guwahati,Arunasis Chakraborty,Civil Engineering Centre for Disaster Management and Research,https://iitg.ac.in/iitg_faculty_details?name=Arunasis-Chakraborty&fac=ZGNpazVHT1ByUkozUElqUkpOS1Yvdz09,[ ' * Dynamic and Random Vibration * System identification and damage detection * Wavelet analysis ' ],https://scholar.google.co.in/citations?user=xrvZPdwAAAAJ,25,53,https://iitg.ac.in/storage/faculty/1112Arunasis_Chakraborty_1.jpg
149,Indian Institute of Technology Guwahati,Arup K. Sarma,Civil Engineering Centre for the Environment Centre for Sustainable Water Research Centre for Disaster Management and Research School of Agro and Rural Technology,https://iitg.ac.in/iitg_faculty_details?name=Arup-K.%20Sarma&fac=WkJmWEtoV1NtWjZkeGR3cUhjd2tjQT09,[ ' * Modeling & amp ; simulation in Free Surface Flow * Heuristic Method in Reservoir Optimization * GIS base Watershed Modeling ' ],https://scholar.google.co.in/citations?user=9Z4kD-sAAAAJ,69,173,https://iitg.ac.in/storage/faculty/2266akssir3.jpg
150,Indian Institute of Technology Guwahati,Arupjyoti Saikia,Humanities and Social Sciences Centre for Linguistic Science and Technology,https://iitg.ac.in/iitg_faculty_details?name=Arupjyoti%20Saikia-&fac=Wk5vcUE2aW9ZeVJlZ0pacU4xT0hrdz09,[ 'History ' ],https://scholar.google.co.in/citations?user=R_2IFrQAAAAJ,27,61,https://iitg.ac.in/storage/faculty/4780faculty.JPG
151,Indian Institute of Technology Guwahati,Ashish Kumar Gupta,Chemistry,https://iitg.ac.in/iitg_faculty_details?name=Ashish%20Kumar-Gupta&fac=Zko2V1BORW9kaXNxYllMclcvdjErUT09,[ 'Quantum Molecular Dynamics . ' ],https://scholar.google.co.in/citations?user=9Z4kD-sAAAAJ,69,173,https://iitg.ac.in/storage/faculty/5932faculty.JPG
152,Indian Institute of Technology Guwahati,Ashok Kumar Dasmahapatra,Chemical Engineering Centre for Nanotechnology Centre for Sustainable Polymers,https://iitg.ac.in/iitg_faculty_details?name=Ashok%20Kumar-Dasmahapatra&fac=RndIS0J6Y3lRODlhcVFGVFE0dVRaQT09,"[ 'Complex fluid ' , ' Phase transition in polymer ( Nucleation ' , ' crystallization ' , ' collapse transition ' , ' etc . ) ' , ' Structure-property relation ' , ' Molecular simulation ' , ' Biological physic ' ]",https://scholar.google.co.in/citations?user=9Z4kD-sAAAAJ,69,173,https://iitg.ac.in/storage/faculty/4818faculty.JPG
153,Indian Institute of Technology Guwahati,Ashok Singh Sairam,Mathematics Mehta Family School of Data Science and Artificial Intelligence,https://iitg.ac.in/iitg_faculty_details?name=Ashok%20Singh-Sairam&fac=L09DOEYxQWd6R3JxZDI2NlA4ekhKUT09,[ 'Computer Networks and Network Security ' ],https://scholar.google.co.in/citations?user=RecJ8mAAAAAJ,22,63,https://iitg.ac.in/storage/faculty/4023ass-maths.jpg
154,Indian Institute of Technology Guwahati,Ashwini Kumar Sharma,Physics,https://iitg.ac.in/iitg_faculty_details?name=Ashwini-Kumar%20Sharma&fac=czREZEJtZERqcGIzdk5UZkFDZ1MwUT09,"[ 'Laser produce plasma ' , ' laser ablation deposition of thin film ' , ' laser-based sensor . ' ]",https://scholar.google.co.in/citations?user=9Z4kD-sAAAAJ,69,173,https://iitg.ac.in/storage/faculty/6297aksh-webpage.jpg
155,Indian Institute of Technology Guwahati,Baleshwar Singh,Civil Engineering,https://iitg.ac.in/iitg_faculty_details?name=Baleshwar-Singh&fac=R29oNVJkbnZpRkNHRS9WRVZIa21rQT09,[ ' * Marine Geotechnology * Modelling of Onshore & Offshore Foundations * Soil Stabilization & Ground Modification * Pavement Subgrade & Site Characterization ' ],https://scholar.google.co.in/citations?user=RecJ8mAAAAAJ,22,63,https://iitg.ac.in/storage/faculty/7185faculty.JPG
156,Indian Institute of Technology Guwahati,Bhaba Kumar Sarma,Mathematics,https://iitg.ac.in/iitg_faculty_details?name=Bhaba%20Kumar-Sarma&fac=Q3o2amY1eVJBVGtWRXlhVHI3a0pDUT09,"[ 'Combinatorial Matrix Theory ( Graph Spectra ' , ' Matrix Completion Problems ) Finite Fields and application in Cryptography ' ]",https://scholar.google.co.in/citations?user=9Z4kD-sAAAAJ,69,173,https://iitg.ac.in/storage/faculty/342faculty.JPG
157,Indian Institute of Technology Guwahati,Bhisma Kumar Patel,Chemistry Centre for the Environment,https://iitg.ac.in/iitg_faculty_details?name=Bhisma%20Kumar-Patel&fac=V25OTjkyeW56SGtmRnY1WURkZ3FkQT09,[ 'Bio-Organic Chemistry and Newer Methodologies . ' ],https://scholar.google.co.in/citations?user=9Z4kD-sAAAAJ,69,173,https://iitg.ac.in/storage/faculty/8973faculty.JPG
158,Indian Institute of Technology Guwahati,Bhubaneswar Mandal,Chemistry,https://iitg.ac.in/iitg_faculty_details?name=Bhubaneswar-Mandal&fac=azFmMmk1QzVmaTNmTFlja2dTRURLUT09,[ 'Synthetic Organic Chemistry & Peptide Chemistry . ' ],https://scholar.google.co.in/citations?user=L7hpHIcAAAAJ,55,133,https://iitg.ac.in/storage/faculty/8725faculty.JPG
159,Indian Institute of Technology Guwahati,Bhupen Deka,Mathematics,https://iitg.ac.in/iitg_faculty_details?name=Bhupen-Deka&fac=ZWlTd0t5QU9wY25pbU40dkdKa25oQT09,"[ 'Numerical Analysis ' , ' Finite Element Method ' , ' Interface Problems ' ]",https://scholar.google.co.in/citations?user=4WwcwCoAAAAJ,11,13,https://iitg.ac.in/storage/faculty/7650bd-maths.jpg
160,Indian Institute of Technology Guwahati,Biman B Mandal,Biosciences and Bioengineering Centre for Nanotechnology,https://iitg.ac.in/iitg_faculty_details?name=Biman%20B-Mandal&fac=WjRmQlNhUS9ZY2tNVit2b0NvemNIUT09,"[ 'Cell base tissue engineering ' , ' Biomaterials ' , 'Stem cell ' , ' Drug delivery system ' ]",https://scholar.google.co.in/citations?user=shLBfaQAAAAJ,132,654,https://iitg.ac.in/storage/faculty/3001img.jpg
161,Indian Institute of Technology Guwahati,Bimlesh Kumar,Civil Engineering Centre for Sustainable Water Research,https://iitg.ac.in/iitg_faculty_details?name=Bimlesh-Kumar&fac=Nlc5RFdsSkNzZFpCNmR6WGJnM3VjUT09,[ ' * Small scale study of mix tank * Experimental Studies of Aeration Systems * Sediment Transport analysis * Pipeline analysis * CFD simulation * Surge analysis ' ],https://scholar.google.co.in/citations?user=9Z4kD-sAAAAJ,69,173,https://iitg.ac.in/storage/faculty/3183faculty.JPG
162,Indian Institute of Technology Guwahati,Biplab Mondal,Chemistry,https://iitg.ac.in/iitg_faculty_details?name=Biplab-Mondal&fac=NC8vSGFmMFErb0Z6R1lwWUVzdUhpUT09,[ 'Bioinorganic Chemistry . ' ],https://scholar.google.co.in/citations?user=nEg_lwoAAAAJ,3,0,https://iitg.ac.in/storage/faculty/4148faculty.JPG
163,Indian Institute of Technology Guwahati,Bipul Bhuyan,Physics,https://iitg.ac.in/iitg_faculty_details?name=Bipul-Bhuyan&fac=aHBTU2N4L2R5ZEtkUkRpcUp4VXl2dz09,"[ 'CP violation ' , ' Rare K and B meson decay ' , ' ILC R & amp ; D . ' ]",https://scholar.google.co.in/citations?user=shLBfaQAAAAJ,132,654,https://iitg.ac.in/storage/faculty/244faculty.JPG
164,Indian Institute of Technology Guwahati,Bishnupada Mandal,Chemical Engineering Centre for the Environment,https://iitg.ac.in/iitg_faculty_details?name=Bishnupada-Mandal&fac=UEl5WmZGeS9TZUlOcWoyTWphM21CZz09,"[ 'Separations with chemical reaction ' , ' Molecular base membrane separation ' , ' Modeling and simulation of separation process ' , ' Environmental pollution control . ' ]",https://scholar.google.co.in/citations?user=L7hpHIcAAAAJ,55,133,https://iitg.ac.in/storage/faculty/5112faculty.JPG
165,Indian Institute of Technology Guwahati,Bithiah G. Jaganathan,Biosciences and Bioengineering,https://iitg.ac.in/iitg_faculty_details?name=Bithiah%20G.-Jaganathan&fac=c29aSWtEa2E0Mkx2Smp0ekI1QjB4QT09,"[ 'Stem Cell Biology ' , ' Cancer signal ' ]",https://scholar.google.co.in/citations?user=dfvFBBMAAAAJ,54,139,https://iitg.ac.in/storage/faculty/3028img.jpg
166,Indian Institute of Technology Guwahati,Bosanta Ranjan Boruah,Physics,https://iitg.ac.in/iitg_faculty_details?name=Bosanta-Ranjan%20Boruah&fac=QjBNL2pReFI4SUxYcXhqdURLWWo1QT09,[ 'Laser and Photonics ' ],https://scholar.google.co.in/citations?user=17BpQ8UAAAAJ,30,63,https://iitg.ac.in/storage/faculty/4482faculty.JPG
167,Indian Institute of Technology Guwahati,Bulu Pradhan,Civil Engineering Centre for Disaster Management and Research,https://iitg.ac.in/iitg_faculty_details?name=Bulu-Pradhan&fac=YzlZSEVybGdQWnFvazlBSHJ5Uk8wQT09,[ ' * Durability study in concrete * Corrosion of steel reinforcement and protection measure * High performance concrete * Mass transport in cementitious material * Non-destructive testing of concrete structure * Construction management ' ],https://scholar.google.co.in/citations?user=G_9zUzsAAAAJ,4,4,https://iitg.ac.in/storage/faculty/4334image003.jpg
168,Indian Institute of Technology Guwahati,Chandan Mukherjee,Chemistry Centre for the Environment,https://iitg.ac.in/iitg_faculty_details?name=Chandan-Mukherjee&fac=STNuclprTGVmVGRLWmZENGNHYUg4QT09,[ 'Oxidation Catalysis / Molecular Magnetism / Synthesis of Single-Molecule Magnets ( SMMs ) / MRI Contrast agent / Water Oxidation Chemistry . ' ],https://scholar.google.co.in/citations?user=QbMH-R2_OWwC,2,1,https://iitg.ac.in/storage/faculty/8612faculty.JPG
169,Indian Institute of Technology Guwahati,Chandan Mahanta,Civil Engineering Centre for the Environment Centre for Disaster Management and Research,https://iitg.ac.in/iitg_faculty_details?name=Chandan-Mahanta&fac=ZDdyODM2MDdoVWxrZnhweld1N3J0dz09,[ ' * Environmental Impact and Risk Assessment . * Environmental Hydrology . * Earth and Environmental Systems . * Water Quality . * Contaminate Fate and Transport . * Material Flux in large Alluvial Rivers ' ],https://scholar.google.co.in/citations?user=t0viKX4AAAAJ,35,105,https://iitg.ac.in/storage/faculty/85346011.jpg
170,Indian Institute of Technology Guwahati,Chandan K. Jana,Chemistry,https://iitg.ac.in/iitg_faculty_details?name=Chandan%20K.-Jana&fac=VW5UUDB0RmVaRnFyeHJ5dGcyemNPdz09,[ 'Synthetic Organic Chemistry : Synthetic Methodology/ C-H Functionalization/ Multicomponent Reaction/ Development of New Reaction/ Synthesis and Functionalization of Heterocycles/ Asymmetric Synthesis/Total Synthesis of Natural Products and Bioactive Molecules ' ],https://scholar.google.co.in/citations?user=9Z4kD-sAAAAJ,69,173,https://iitg.ac.in/storage/faculty/5999faculty.JPG
171,Indian Institute of Technology Guwahati,Chitralekha Mahanta,Electronics and Electrical Engineering,https://iitg.ac.in/iitg_faculty_details?name=Chitralekha-Mahanta&fac=cnNBU1NUTitzeDArQkVPdEc4ZjNLZz09,"[ 'Control System Theory and Applications ' , ' Control of Nonlinear Uncertain Systems ' , ' Artificial Intelligence base Control ' , ' Identification and Control of Nonlinear Systems ' ]",https://scholar.google.co.in/citations?user=t0viKX4AAAAJ,35,105,https://iitg.ac.in/storage/faculty/9319faculty.JPG
172,Indian Institute of Technology Guwahati,Chivukula V Sastri,Chemistry Centre for the Environment,https://iitg.ac.in/iitg_faculty_details?name=Chivukula%20V-Sastri&fac=aHFnMjNPN1VnbEZoQ3Y3S01iRW1aZz09,[ 'Biomimetic Chemistry and Chemical Biology . ' ],https://scholar.google.co.in/citations?user=qOl1YgEAAAAJ,61,176,https://iitg.ac.in/storage/faculty/471faculty.JPG
173,Indian Institute of Technology Guwahati,D Pamu,Physics Centre for Nanotechnology,https://iitg.ac.in/iitg_faculty_details?name=D-Pamu&fac=VXJhK0s4L1Nob094MldkRFZCTVBxQT09,"[ 'High-k and low loss material ' , ' FerroelectricsCeramics ' , ' Oxide thin film Nanomaterials . ' ]",https://scholar.google.co.in/citations?user=By0YvCYAAAAJ,22,54,https://iitg.ac.in/storage/faculty/4558faculty.JPG
174,Indian Institute of Technology Guwahati,Debabrata Chakraborty,Mechanical Engineering Centre for Sustainable Polymers,https://iitg.ac.in/iitg_faculty_details?name=Debabrata-Chakraborty&fac=bjdoblhYOHNLOGhrYk9SM2E2dW1Kdz09,[ 'FEM | Fracture Mechanics and Design | Composites | FRP COMPOSITES | ' ],https://scholar.google.co.in/citations?user=xrvZPdwAAAAJ,25,53,https://iitg.ac.in/storage/faculty/6388faculty.JPG
175,Indian Institute of Technology Guwahati,Debasis Manna,Chemistry Centre for the Environment,https://iitg.ac.in/iitg_faculty_details?name=Debasis-Manna&fac=Si9PVjdrZVp1QmdXT01odmV1V3JqQT09,"[ 'Ion transport ' , ' Liposomal drug delivery ' , ' Drug discovery and immunotherapy . ' ]",https://scholar.google.co.in/citations?user=BFibZp8AAAAJ,27,54,https://iitg.ac.in/storage/faculty/6318faculty.JPG
176,Indian Institute of Technology Guwahati,Diganta Goswami,Computer Science and Engineering,https://iitg.ac.in/iitg_faculty_details?name=Diganta-Goswami&fac=b1BqSUJTNFpiQUpnSEpIWXZ5alM0Zz09,"[ 'Distributed Systems ' , ' Software Engineering ' ]",https://scholar.google.co.in/citations?user=YV5TfOkAAAAJ,36,72,https://iitg.ac.in/storage/faculty/5231faculty.JPG
177,Indian Institute of Technology Guwahati,Dilip Pal,Physics,https://iitg.ac.in/iitg_faculty_details?name=Dilip-Pal&fac=eXdkZjA5SVlqcjJ0WVo5TU9PWDN5dz09,"[ 'Low Temperature Physics and Material Science ( Experimental ) ; Strongly Correlated Electron Systems ' , ' Vortex state in superconductors ' , ' Superconductivity and Magnetism . ' ]",https://scholar.google.co.in/citations?user=3u2qgMcAAAAJ,24,44,https://iitg.ac.in/storage/faculty/6974faculty.JPG
178,Indian Institute of Technology Guwahati,Dipankar Bandyopadhyay,Chemical Engineering Centre for Nanotechnology,https://iitg.ac.in/iitg_faculty_details?name=Dipankar-Bandyopadhyay&fac=ejVFd0JYUjJ5OUVlZ0xBdmZpcjFOdz09,"[ 'Colloid and Interfacial Phenomena ' , ' Computational Fluid Dynamics ' , ' Micro and Nano Fluidics ' , ' Complex Flow and Fluids ' , ' Clean Energy - Fuel and Solar Cells . ' ]",https://scholar.google.co.in/citations?user=ysNDZ94AAAAJ,8,7,https://iitg.ac.in/storage/faculty/8315faculty.JPG
179,Indian Institute of Technology Guwahati,Dr. Sunil Khijwania,Physics,https://iitg.ac.in/iitg_faculty_details?name=Dr.%20Sunil-Khijwania&fac=ckxtMzZHU3EwUUpKOXluRnh0QUxCUT09,[ 'Laser and Photonics ' ],https://scholar.google.co.in/citations?user=fW-dSUsAAAAJ,6,4,https://iitg.ac.in/storage/faculty/8264faculty.JPG
180,Indian Institute of Technology Guwahati,G Krishnamoorthy,Chemistry,https://iitg.ac.in/iitg_faculty_details?name=G-Krishnamoorthy&fac=d1BNSmpWRVdxYzBuZEpHZU1PWlRzZz09,[ 'Organic Photochemistry & Spectroscopy . ' ],https://scholar.google.co.in/citations?user=_VHba4MAAAAJ,27,62,https://iitg.ac.in/storage/faculty/8322faculty.JPG
181,Indian Institute of Technology Guwahati,G. Sajith,Computer Science and Engineering,https://iitg.ac.in/iitg_faculty_details?name=G.-Sajith&fac=OWJuK2NHVWpDV0RSbG42QTA1ckdyZz09,"[ 'External Memory Algorithms ' , ' Algorithmic Game Theory ' , ' Parallel and Distributed Algorithms ' , ' Complexity Theory ' ]",https://scholar.google.co.in/citations?user=Ukp9zWcAAAAJ,4,1,https://iitg.ac.in/storage/faculty/1985faculty.JPG
182,Indian Institute of Technology Guwahati,Gautam K. Das,Mathematics,https://iitg.ac.in/iitg_faculty_details?name=Gautam%20K.-Das&fac=TFIxVlJhRWJOZGRVV2tva3N4eFYwUT09,"[ 'Computational Geometry ' , ' Approximation Algorithms ' , ' Wireless Networks ' ]",https://scholar.google.co.in/citations?user=9Z4kD-sAAAAJ,69,173,https://iitg.ac.in/storage/faculty/9094gkd.jpg
183,Indian Institute of Technology Guwahati,Harshal B. Nemade,Electronics and Electrical Engineering Centre for Intelligent Cyber-Physical Systems Centre for Nanotechnology Centre for Drone Technology,https://iitg.ac.in/iitg_faculty_details?name=Harshal%20B.-Nemade&fac=bHVtS0xwYkpKTU9MYUo4MTMzaXFqQT09,"[ 'Electronic instrumentation ' , ' Systems design ' , ' Ultrasonic instrumentation ' , ' Non-destructive test ' , ' Electronic product design ' , ' EMI/EMC issue ' , ' Acoustic sensor ' , ' Underwater acoustic ' , ' Surface acoustic wave device ' , ' MEMS . ' ]",https://scholar.google.co.in/citations?user=shLBfaQAAAAJ,132,654,https://iitg.ac.in/storage/faculty/1584faculty.JPG
184,Indian Institute of Technology Guwahati,Hemangee K. Kapoor,Computer Science and Engineering,https://iitg.ac.in/iitg_faculty_details?name=Hemangee-K.%20Kapoor&fac=bit1R2VEdkVCZlVnYldhQUJRRUcvZz09,"[ 'Multiprocessor Computer Architecture ' , ' Formal Methods ' , ' Network-on-Chip design ' , ' Asynchronous system ' ]",https://scholar.google.co.in/citations?user=9Z4kD-sAAAAJ,69,173,https://iitg.ac.in/storage/faculty/2148faculty.JPG
185,Indian Institute of Technology Guwahati,Hemant B. Kaushik,Civil Engineering Centre for Disaster Management and Research,https://iitg.ac.in/iitg_faculty_details?name=Hemant-B.%20Kaushik&fac=MzFnK1R2N3RMMHAzYzRkRmE3bkZvdz09,[ ' * Earthquake Resistant Design * Nonlinear Behaviour of Structures * Retrofitting of Structures * Finite Element Modeling ' ],https://scholar.google.co.in/citations?user=shLBfaQAAAAJ,132,654,https://iitg.ac.in/storage/faculty/1141HBK.JPG
186,Indian Institute of Technology Guwahati,Jatindra Kumar Deka,Computer Science and Engineering,https://iitg.ac.in/iitg_faculty_details?name=Jatindra-Kumar%20Deka&fac=YkZ0Y1gwWTBOSmhBdzIwRXl4cEJKQT09,"[ 'Formal Modelling and Verification ' , ' CAD for VLSI and Embedded Systems ( Design ' , ' Testing and Verification ) ' , ' Data Mining ' ]",https://scholar.google.co.in/citations?user=9Z4kD-sAAAAJ,69,173,https://iitg.ac.in/storage/faculty/1433faculty.JPG
187,Indian Institute of Technology Guwahati,Jiten Chandra Kalita,Mathematics,https://iitg.ac.in/iitg_faculty_details?name=Jiten%20Chandra-Kalita&fac=WGpoSm1oamZvcTVtKzFtVnMvOW1IUT09,"[ 'Computational and Topological Fluid Dynamics ' , ' Numerical method for Partial Differential Equations ' , ' Mathematical Biology ' ]",https://scholar.google.co.in/citations?user=poffOnYAAAAJ,22,46,https://iitg.ac.in/storage/faculty/439jck-maths.jpg
188,Indian Institute of Technology Guwahati,Jubaraj Bikash Baruah,Chemistry,https://iitg.ac.in/iitg_faculty_details?name=Jubaraj%20Bikash-Baruah&fac=RG9XQmc4ZU9UekpLWnpZeGVYRE5HQT09,[ 'Inorganic Chemistry . ' ],https://scholar.google.co.in/citations?user=RVEb-6AAAAAJ,0,0,https://iitg.ac.in/storage/faculty/9135faculty.JPG
189,Indian Institute of Technology Guwahati,K. S. R. Krishna Murthy,Mechanical Engineering,https://iitg.ac.in/iitg_faculty_details?name=K.%20S.%20R.-Krishna%20Murthy&fac=THBQT1FwRjJVK1VBd1NKMWh1dmNiZz09,[ 'ERROR ESTIMATION AND FRACTURE MECHANICS | Finite Element Methods | ' ],https://scholar.google.co.in/citations?user=qOl1YgEAAAAJ,61,176,https://iitg.ac.in/storage/faculty/4434faculty.JPG
190,Indian Institute of Technology Guwahati,K.V. Krishna,Mathematics,https://iitg.ac.in/iitg_faculty_details?name=K.V.-Krishna&fac=T1BOcUtxT0ZvVExTZzhDb3RTZnN2dz09,[ 'General Algebra Theoretical Computer Science ' ],https://scholar.google.co.in/citations?user=07l2oOQAAAAJ,19,24,https://iitg.ac.in/storage/faculty/1614kvk-maths.jpg
191,Indian Institute of Technology Guwahati,Kalpesh Kapoor,Mathematics,https://iitg.ac.in/iitg_faculty_details?name=Kalpesh-Kapoor&fac=Y1hOVHB0WWxqbExwQ2ZXWkRYUFR3dz09,[ 'Word Combinatorics ' ],https://scholar.google.co.in/citations?user=9TsaEbMAAAAJ,12,21,https://iitg.ac.in/storage/faculty/389kk-maths.jpg
192,Indian Institute of Technology Guwahati,Kalyanasis Sahu,Chemistry,https://iitg.ac.in/iitg_faculty_details?name=Kalyanasis-Sahu&fac=aDc2SExSVzVucW42UWMwa2ZrTUNPUT09,"[ 'Time Resolved Absorption and Fluorescence Spectroscopy ' , ' SHG ' , ' MUPPETS . ' ]",https://scholar.google.co.in/citations?user=YwQDobMAAAAJ,0,0,https://iitg.ac.in/storage/faculty/4658faculty.JPG
193,Indian Institute of Technology Guwahati,Karuna Kalita,Mechanical Engineering Centre for the Environment School of Agro and Rural Technology,https://iitg.ac.in/iitg_faculty_details?name=Karuna-Kalita&fac=N0NtdmpRZXh1VWo3YUF5R01nVlVqQT09,[ 'Coupled Dynamics of Electro-Mechanical Systems | Vibration | Rotordynamics | ' ],https://scholar.google.co.in/citations?user=T8N8lbYAAAAJ,24,39,https://iitg.ac.in/storage/faculty/2721faculty.JPG
194,Indian Institute of Technology Guwahati,Kaustubha Mohanty,Chemical Engineering Centre for the Environment,https://iitg.ac.in/iitg_faculty_details?name=Kaustubha-Mohanty&fac=S2dKdk9JbEpMQklkSWYvY0xLRno5QT09,"[ 'Biofuels ' , ' Biomass pyrolysis ' , ' Biological wastewater treatment ' , ' Heterogeneous catalysis ' , ' Microalgae biorefinery ' , ' Membrane base separation ' , ' Ionic liquid base separation ' , ' Waste management . ' ]",https://scholar.google.co.in/citations?user=QOFTgxAAAAAJ,47,135,https://iitg.ac.in/storage/faculty/6771faculty.JPG
195,Indian Institute of Technology Guwahati,Lal Mohan Kundu,Chemistry Centre for the Environment Centre for Sustainable Water Research,https://iitg.ac.in/iitg_faculty_details?name=Lal%20Mohan-Kundu&fac=bEl3VmRicGRpb2daVXNuclZPOGNNdz09,"[ 'Nucleic Acid / Peptide Chemistry ' , ' DNA / RNA Damage and Repair ' , ' DNA Hybrid Materials . ' ]",https://scholar.google.co.in/citations?user=tzLi0psAAAAJ,12,14,https://iitg.ac.in/storage/faculty/1038faculty.JPG
196,Indian Institute of Technology Guwahati,Lingaraj Sahoo,Biosciences and Bioengineering Centre for Nanotechnology,https://iitg.ac.in/iitg_faculty_details?name=Lingaraj-Sahoo&fac=R1Q1SjlyOWRvQXZZUXFZRXluZXRCZz09,[ 'Genetic engineering and functional genomics of plant . ' ],https://scholar.google.co.in/citations?user=elIBAo0AAAAJ,38,92,https://iitg.ac.in/storage/faculty/2323img.jpg
197,Indian Institute of Technology Guwahati,M. Guru Prem Prasad,Mathematics,https://iitg.ac.in/iitg_faculty_details?name=M.%20Guru%20Prem-Prasad&fac=NlFzZ0s0elNENDRGVktEcnl1bEpkQT09,"[ 'Complex Dynamics ' , ' Fractals and its application ' , ' Computational Complex Analysis . ' ]",https://scholar.google.co.in/citations?user=U9785ZcAAAAJ,10,10,https://iitg.ac.in/storage/faculty/8795faculty.JPG
198,Indian Institute of Technology Guwahati,M. K. Bhuyan,Electronics and Electrical Engineering Centre for Linguistic Science and Technology Mehta Family School of Data Science and Artificial Intelligence,https://iitg.ac.in/iitg_faculty_details?name=M.%20K.-Bhuyan&fac=UzJOTDk1VG4wRU5LWmszbFFVZldwUT09,"[ 'Machine Learning and Artificial Intelligence ' , ' Image and Video Processing ' , ' Computer Vision ' , ' Human Computer Interactions ( HCI ) ' , ' Virtual Reality and Augmented Reality ' , ' Biomedical Signal Processing . ' ]",https://scholar.google.co.in/citations?user=9Z4kD-sAAAAJ,69,173,https://iitg.ac.in/storage/faculty/2718mkbhyan1.jpg
199,Indian Institute of Technology Guwahati,Mahuya De,Chemical Engineering,https://iitg.ac.in/iitg_faculty_details?name=Mahuya-De&fac=TDg0VjEzYk9uT0pHeXdiT3BOZG1uZz09,"[ 'Catalysis and reaction engineering ' , ' adsorption ' , ' hydrocarbon processing . ' ]",https://scholar.google.co.in/citations?user=NqD0DoYAAAAJ,9,9,https://iitg.ac.in/storage/faculty/9035img.jpg
200,Indian Institute of Technology Guwahati,Manabendra Ray,Chemistry Centre for the Environment,https://iitg.ac.in/iitg_faculty_details?name=Manabendra-Ray&fac=TzR5eUUzaEJqMWh3NWpxZWpvbVR3QT09,[ 'Bioinorganic and coordination chemistry . ' ],https://scholar.google.co.in/citations?user=9jiwuBIAAAAJ,7,6,https://iitg.ac.in/storage/faculty/5027faculty.JPG
201,Indian Institute of Technology Guwahati,Manish Kumar,Biosciences and Bioengineering Centre for Disaster Management and Research,https://iitg.ac.in/iitg_faculty_details?name=Manish-Kumar&fac=SmNOeVZaNWNkQTRKTk1KdExXcHM1Zz09,[ 'Molecular interaction of host-pathogen-vector of infectious disease ' ],https://scholar.google.co.in/citations?user=9Z4kD-sAAAAJ,69,173,https://iitg.ac.in/storage/faculty/367img.jpg
202,Indian Institute of Technology Guwahati,Manmohan Pandey,Mechanical Engineering,https://iitg.ac.in/iitg_faculty_details?name=Manmohan-Pandey&fac=bncwUHdTSkFtcmlRMk1kNjA2d3o0Zz09,[ 'Nuclear Reactor Thermal-Hydraulics | Dynamics and Control of Fluid-Thermal Systems | ' ],https://scholar.google.co.in/citations?user=1rf3e3cAAAAJ,14,18,https://iitg.ac.in/storage/faculty/4130img.jpg
203,Indian Institute of Technology Guwahati,Mihir Kumar Purkait,Chemical Engineering Centre for the Environment Centre for Sustainable Water Research,https://iitg.ac.in/iitg_faculty_details?name=Mihir%20Kumar-Purkait&fac=YmsrYWRKcmZOZGlmUTB5NTJHYiswQT09,"[ 'Membrane technology ; Effluent treatment and waste management ; Advanced separation process ; Catalysis ; Nanoparticles and nano-composites ; Bio-diesel ; Bio-products ' , ' vegetable and fruit juice processing ; CO2 to product and liquid fuel . ' ]",https://scholar.google.co.in/citations?user=9Z4kD-sAAAAJ,69,173,https://iitg.ac.in/storage/faculty/2182faculty.JPG
204,Indian Institute of Technology Guwahati,Mohd. Qureshi,Chemistry,https://iitg.ac.in/iitg_faculty_details?name=Mohd.-Qureshi&fac=b2dRMkRKT1BGVzNaV3dETmF1TUlHdz09,[ 'Materials Chemistry . ' ],https://scholar.google.co.in/citations?user=LA-T5PEAAAAJ,26,48,https://iitg.ac.in/storage/faculty/275faculty.JPG
205,Indian Institute of Technology Guwahati,Mrinal Kanti Dutta,Humanities and Social Sciences Centre for the Environment Centre for Sustainable Water Research School of Agro and Rural Technology,https://iitg.ac.in/iitg_faculty_details?name=Mrinal%20Kanti%20Dutta-&fac=WVdXd3c0VXZHTTJzVW91bXBndVdWdz09,[ 'Economics ' ],https://scholar.google.co.in/citations?user=xskK69sAAAAJ,9,8,https://iitg.ac.in/storage/faculty/7904MKD.JPG
206,Indian Institute of Technology Guwahati,N. Selvaraju,Mathematics,https://iitg.ac.in/iitg_faculty_details?name=N.-Selvaraju&fac=UWp4b21ia3VmMHhHZENYRy9iTGRNdz09,"[ 'Queueing Theory ' , ' Financial Mathematics ' , ' Stochastic Modelling ' , ' Operations Research ' ]",https://scholar.google.co.in/citations?user=cICz1ukAAAAJ,36,85,https://iitg.ac.in/storage/faculty/1029ns-maths.jpg
207,Indian Institute of Technology Guwahati,Nachiketa Tripathi,Humanities and Social Sciences School of Business,https://iitg.ac.in/iitg_faculty_details?name=Nachiketa-Tripathi&fac=SW56TENyL2dPOEYwNlNia01Hdk9EZz09,[ 'Psychology ' ],https://scholar.google.co.in/citations?user=tDShOQ8AAAAJ,16,22,https://iitg.ac.in/storage/faculty/94534554NT-HSS.jpg
208,Indian Institute of Technology Guwahati,Nanda Kishore,Chemical Engineering School of Agro and Rural Technology,https://iitg.ac.in/iitg_faculty_details?name=Nanda-Kishore&fac=ekNwQW5Meld5N0Z1NTc3WVdtWkFQQT09,"[ 'Biofuels ' , ' Computational Fluid Flow and Heat/Mass Transfer ' , ' Density Functional Theory ' , ' Non-Newtonian Fluids ' ]",https://scholar.google.co.in/citations?user=ZPQ8h9sAAAAJ,21,45,https://iitg.ac.in/storage/faculty/6309faculty.JPG
209,Indian Institute of Technology Guwahati,Natesan Srinivasan,Mathematics,https://iitg.ac.in/iitg_faculty_details?name=Natesan-Srinivasan&fac=akl6ZGVSVmkzenFwQ3FvMU5Xc21yZz09,"[ 'Numerical Solution of Singular Perturbation Problems - Finite Difference/Element Methods Homogenization ' , ' Multi-Scale Problems : Bloch Wave Decomposition - Numerical Methods Domain Decomposition & Parallel Computation of Differential Equations Computational Fluid Dynamics ' ]",https://scholar.google.co.in/citations?user=UjWU0YwAAAAJ,29,69,https://iitg.ac.in/storage/faculty/7268natesan-maths.jpg
210,Indian Institute of Technology Guwahati,Niranjan Sahoo,Mechanical Engineering,https://iitg.ac.in/iitg_faculty_details?name=Niranjan-Sahoo&fac=WDAzSG15Qll4Sm5VdngrcnNZU1JKUT09,[ 'Instrumentation | Fluid and Thermal Engineering | Aerodynamics | Gas Dynamics | MEASUREMENTS AND EXPERIMENTS IN FLUID | ' ],https://scholar.google.co.in/citations?user=elIBAo0AAAAJ,38,92,https://iitg.ac.in/storage/faculty/680img.jpg
211,Indian Institute of Technology Guwahati,Nitin Chaudhary,Biosciences and Bioengineering,https://iitg.ac.in/iitg_faculty_details?name=Nitin-Chaudhary&fac=WTE5QlJGM0wyeElSUkkwQ1BGRjUxQT09,"[ 'Peptide self-assembly and amyloid aggregate ' , ' Peptide-membrane interaction Curvature induce protein ' ]",https://scholar.google.co.in/citations?user=cLIxGL0AAAAJ,13,14,https://iitg.ac.in/storage/faculty/5233img.jpg
212,Indian Institute of Technology Guwahati,P. Muthukumar,Mechanical Engineering,https://iitg.ac.in/iitg_faculty_details?name=P.-Muthukumar&fac=TFlWNlhFSTJibUVOYnRTTXFOZWduUT09,[ 'Coupled heat and mass transfer analysis | Metal hydride base thermal machine | Conventional and Non-conventional refrigeration system | ' ],https://scholar.google.co.in/citations?user=TQ3fiegAAAAJ,43,102,https://iitg.ac.in/storage/faculty/2775img.jpg
213,Indian Institute of Technology Guwahati,P. S. Robi,Mechanical Engineering,https://iitg.ac.in/iitg_faculty_details?name=P.%20S.-Robi&fac=MWZBdEZvc0RoUmJrZ1J6aDBSMHBXdz09,[ 'Fracture Mechanics | Coating | Metal Casting | Metal Matrix composite | P/M Processing | Materials Processing | ' ],https://scholar.google.co.in/citations?user=qOl1YgEAAAAJ,61,176,https://iitg.ac.in/storage/faculty/984img.jpg
214,Indian Institute of Technology Guwahati,Padma K Padmanabhan,Physics,https://iitg.ac.in/iitg_faculty_details?name=Padma-K%20Padmanabhan&fac=dUlzUHU1OHJEeXBUL2NLYWh4anlLQT09,[ 'Atomistic Modeling and Simulation of Condensed States of Matter ' ],https://scholar.google.co.in/citations?user=9Z4kD-sAAAAJ,69,173,https://iitg.ac.in/storage/faculty/8219faculty.JPG
215,Indian Institute of Technology Guwahati,Pallab Ghosh,Chemical Engineering,https://iitg.ac.in/iitg_faculty_details?name=Pallab-Ghosh&fac=cmlHTHZpTnN1bTEzV2MzQzJwYUFUZz09,"[ 'Colloid and Interface Science ' , ' Reaction Engineering ' , ' and Advanced Oxidation Processes ' ]",https://scholar.google.co.in/citations?user=zJOfvfUAAAAJ,48,139,https://iitg.ac.in/storage/faculty/9350faculty.JPG
216,Indian Institute of Technology Guwahati,Pankaj Biswas,Mechanical Engineering,https://iitg.ac.in/iitg_faculty_details?name=Pankaj-Biswas&fac=WVp5Mlg2ajI1NE1QVWxxbUp6SXFFQT09,[ 'FEM | Computational weld mechanic | Line heat | Manufacturing and Design | Soft compute modeling of weld process | Solid state weld | ' ],https://scholar.google.co.in/citations?user=dfvFBBMAAAAJ,54,139,https://iitg.ac.in/storage/faculty/1246img.jpg
217,Indian Institute of Technology Guwahati,Parameswar Krishnan Iyer,Chemistry Centre for Nanotechnology Centre for Drone Technology,https://iitg.ac.in/iitg_faculty_details?name=Parameswar%20Krishnan-Iyer&fac=UG01NnYraXA3UnBGaTg1VEhEa0ZDZz09,"[ 'Organic and Polymer synthesis ' , ' Bio & Chemosensors ' , ' Optoelectronic device ' ]",https://scholar.google.co.in/citations?user=Y2aowXAAAAAJ,45,164,https://iitg.ac.in/storage/faculty/93812.jpg
218,Indian Institute of Technology Guwahati,Partha Sarathi Mandal,Mathematics,https://iitg.ac.in/iitg_faculty_details?name=Partha%20Sarathi-Mandal&fac=M0NKWExEYnYwZEFUY2ZyTkZYUnhkZz09,"[ 'Distributed Algorithms for Swarm Robots Algorithmic aspect of Wireless Sensor Networks Approximation Algorithms for Sweep Coverage Localization ' , ' Secure localization Fault-Tolerant Distributed Algorithms Self-stabilization ' ]",https://scholar.google.co.in/citations?user=IYpR6WkAAAAJ,12,15,https://iitg.ac.in/storage/faculty/1292psm-maths.jpg
219,Indian Institute of Technology Guwahati,Pinakeswar Mahanta,Mechanical Engineering,https://iitg.ac.in/iitg_faculty_details?name=Pinakeswar-Mahanta&fac=U3lFMkdkUm9vZUNRbmNibjJqL1FXZz09,[ 'Thermal Radiation with Participating Media | Fluidization | Energy Conservation and Renewable Energy | ' ],https://scholar.google.co.in/citations?user=t0viKX4AAAAJ,35,105,https://iitg.ac.in/storage/faculty/1525img.jpg
220,Indian Institute of Technology Guwahati,Prabirkumar Saha,Chemical Engineering Mehta Family School of Data Science and Artificial Intelligence,https://iitg.ac.in/iitg_faculty_details?name=Prabirkumar-Saha&fac=K3gxdjU3TnpRQm1mSnQwWFl2V2VSZz09,"[ 'Process Modelling ' , ' Optimization and control ' , ' Membrane Based separation Process . ' ]",https://scholar.google.co.in/citations?user=KmcDxokAAAAJ,40,89,https://iitg.ac.in/storage/faculty/4804faculty.JPG
221,Indian Institute of Technology Guwahati,Pradip Kr. Das,Computer Science and Engineering Centre for Linguistic Science and Technology Centre for Drone Technology,https://iitg.ac.in/iitg_faculty_details?name=Pradip-Kr.%20Das&fac=RjBCaTkzQ2xkK0syZ1FwcFowdGYzQT09,"[ 'Speech Processing ' , ' Man-Machine Intelligence Systems ' , ' Algorithms ' , ' Software Engineering ' , ' Smart Devices ' , ' Mobile Robotics ' ]",https://scholar.google.co.in/citations?user=FCKLeO8AAAAJ,16,30,https://iitg.ac.in/storage/faculty/5584faculty.JPG
222,Indian Institute of Technology Guwahati,Pranab Goswami,Biosciences and Bioengineering,https://iitg.ac.in/iitg_faculty_details?name=Pranab-Goswami&fac=ajFyT0xpOVFoVEQ1VU5RcUxhYTNGQT09,[ 'Biosensors and Biofuel cell ' ],https://scholar.google.co.in/citations?user=YV5TfOkAAAAJ,36,72,https://iitg.ac.in/storage/faculty/5584img.jpg
223,Indian Institute of Technology Guwahati,Pranab K. Ghosh,Civil Engineering Centre for the Environment Centre for Sustainable Water Research,https://iitg.ac.in/iitg_faculty_details?name=Pranab-K.%20Ghosh&fac=TkkxelJCMmc2cWlEajRtV3pDS3E5UT09,[ ' * Water treatment for domestic and industrial use * Domestic and Industrial wastewater treatment * Sludge treatment by physicochemical and biological process ' ],https://scholar.google.co.in/citations?user=9Z4kD-sAAAAJ,69,173,https://iitg.ac.in/storage/faculty/68054339faculty.JPG
224,Indian Institute of Technology Guwahati,Pravat Kumar Giri,Physics Centre for Nanotechnology,https://iitg.ac.in/iitg_faculty_details?name=Pravat-Kumar%20Giri&fac=bGZKMWV2NVZDZUsvR05SNUZKMGJ3UT09,"[ 'Semiconductor nanostructures ' , ' Ion-solid interaction ' , ' Optoelectronic material & device ' , ' Nanotechnology . ' ]",https://scholar.google.co.in/citations?user=9Z4kD-sAAAAJ,69,173,https://iitg.ac.in/storage/faculty/891faculty.JPG
225,Indian Institute of Technology Guwahati,Praveen Kumar,Electronics and Electrical Engineering,https://iitg.ac.in/iitg_faculty_details?name=Praveen-Kumar&fac=SkFHSVdNMmVqTW4xUHd1aXVzVDBUZz09,"[ 'Optimization of electrical motor and drive ' , ' Algorithm development for Multi-objective optimization and multicriteria decision making in engineering system ' , ' Simulation and design of electrical motor and actuator use Finite Element Methods ( FEM ) ' , ' Analytical modeling of electrical motor for rapid simulation ' , ' Simulation and Analysis of Hybrid and Electric Vehicles . ' ]",https://scholar.google.co.in/citations?user=9Z4kD-sAAAAJ,69,173,https://iitg.ac.in/storage/faculty/4454praveenk.jpg
226,Indian Institute of Technology Guwahati,Priyankoo Sarmah,Humanities and Social Sciences Centre for Linguistic Science and Technology,https://iitg.ac.in/iitg_faculty_details?name=Priyankoo%20Sarmah-&fac=akRJYnAyc3pLcnZ2SWk1K0RONHRuZz09,[ 'Phonetics Phonology Tibeto-Burman Tones Perception of Tones Tibeto-Burman Languages ' ],https://scholar.google.co.in/citations?user=sSireQwAAAAJ,6,5,https://iitg.ac.in/storage/faculty/3468faculty.JPG
227,Indian Institute of Technology Guwahati,Purandar Bhaduri,Computer Science and Engineering,https://iitg.ac.in/iitg_faculty_details?name=Purandar-Bhaduri&fac=Y0tsZ1dQdDhoVCt3V3F6YWhjaCtDZz09,"[ 'Formal Verification of Reactive/Embedded/Cyber-Physical Systems ' , ' Controller Synthesis ' , ' Logic and Semantics of Computation ' ]",https://scholar.google.co.in/citations?user=7tECeygAAAAJ,3,1,https://iitg.ac.in/storage/faculty/3460faculty.JPG
228,Indian Institute of Technology Guwahati,R. Ganesh Narayanan,Mechanical Engineering Centre for Disaster Management and Research,https://iitg.ac.in/iitg_faculty_details?name=R.%20Ganesh-Narayanan&fac=R3ZCZ2crV2w3R2F2ODFCR3pqZzI2UT09,[ 'Material Forming and Joining | ' ],https://scholar.google.co.in/citations?user=sv0ewDkAAAAJ,7,7,https://iitg.ac.in/storage/faculty/9711RGN_NEWPHOTO.jpg
229,Indian Institute of Technology Guwahati,Rajan Choudhary,Civil Engineering,https://iitg.ac.in/iitg_faculty_details?name=Rajan-Choudhary&fac=blFhMGdab2xVY0xiZXRZQlVmVWRhUT09,"[ ' * Pavement Design ' , ' Construction and Evaluation * Design and Performance of Recycled Asphalt Pavements * Pavement Maintenance and Rehabilitation * Design and Construction of Rural Roads * Use of Waste and Marginal Materials in Road Construction * Sustainable Pavement Construction through Innovative Technologies * Road Safety Engineering ' ]",https://scholar.google.co.in/citations?user=45WxuzcAAAAJ,8,8,https://iitg.ac.in/storage/faculty/8185RC.jpg
230,Indian Institute of Technology Guwahati,Rajaram Swaminathan,Biosciences and Bioengineering,https://iitg.ac.in/iitg_faculty_details?name=Rajaram-Swaminathan&fac=RFBoUE9aRjhMWEdNT0dIQVhkQU4rZz09,[ ' A . Biophotonics B . Protein Structure and Dynamics C. Proteome Analysis D. Consequences of molecular crowd inside live cell ' ],https://scholar.google.co.in/citations?user=grSJPrsAAAAJ,21,27,https://iitg.ac.in/storage/faculty/2185img.jpg
231,Indian Institute of Technology Guwahati,Rajen Kumar Sinha,Mathematics,https://iitg.ac.in/iitg_faculty_details?name=Rajen%20Kumar-Sinha&fac=c0tpQUlNSjI2S09qVzB4WkxuRm1Wdz09,"[ 'Finite Element Method ( FEM ) ' , ' Mixed FEM ' , ' Finite Volume Element Method ' , ' Adaptive method for PDEs ' , ' PIDEs and Interface Problems ' ]",https://scholar.google.co.in/citations?user=9Z4kD-sAAAAJ,69,173,https://iitg.ac.in/storage/faculty/1871rajen.jpg
232,Indian Institute of Technology Guwahati,Rajib Kumar Bhattacharjya,Civil Engineering Centre for Disaster Management and Research Centre for Sustainable Water Research,https://iitg.ac.in/iitg_faculty_details?name=Rajib-Kumar%20Bhattacharjya&fac=cE41UVRnNjhzOEdlWndFMzFPNWZIUT09,[ ' * Computational Hydraulics * Impact of Climate Change * Surface water Groundwater Interaction * Assessment and Management of Groundwater Resources * Flood Modeling * Assessment of Flood Hazard and Vulnerability * Optimization method * Artificial neural network ' ],https://scholar.google.co.in/citations?user=9Z4kD-sAAAAJ,69,173,https://iitg.ac.in/storage/faculty/5584index.jpg
233,Indian Institute of Technology Guwahati,Rajiv Tiwari,Mechanical Engineering,https://iitg.ac.in/iitg_faculty_details?name=Rajiv-Tiwari&fac=MEtpWklHUjVaZStyM3BwQ2FHZnJVdz09,[ 'APPLICATION OF ACTIVE MAGNETIC BEARINGS IN ROTORS | Vibration | Identification in Mechanical Systems | Rotor Dynamics | Rolling Element Bearing Design and Analysis | Vibrations base Condition Monitoring of Industrial Rotating Machines | ' ],https://scholar.google.co.in/citations?user=6brtIN0AAAAJ,35,88,https://iitg.ac.in/storage/faculty/920img.jpg
234,Indian Institute of Technology Guwahati,Rakhesh Singh Kshetrimayum,Electronics and Electrical Engineering,https://iitg.ac.in/iitg_faculty_details?name=Rakhesh-Singh%20Kshetrimayum&fac=a1QzNlBHWm56RmRDakoyR3JHbnY5Zz09,"[ 'Antennas ' , ' Microwaves and Communications ' ]",https://scholar.google.co.in/citations?user=RecJ8mAAAAAJ,22,63,https://iitg.ac.in/storage/faculty/423faculty.JPG
235,Indian Institute of Technology Guwahati,Ramgopal V. S. Uppaluri,Chemical Engineering Centre for the Environment Centre for Indian Knowledge Systems Centre for Sustainable Water Research School of Agro and Rural Technology,https://iitg.ac.in/iitg_faculty_details?name=Ramgopal%20V.%20S.-Uppaluri&fac=MUFPamxsdGEzSTJPc0VJTVRGalpPdz09,"[ 'Major : Electroless Plating ' , ' Evolutionary Engineering Optimization ' , ' Low Cost Ceramic Membranes ' , ' Microfiltration Minor : Bio-systems Engineering ' , ' Polymer-natural fiber composite ' , ' Process Design & Techno-economics ' , ' Refinery Engineering ' , ' Reservoir Engineering Extracurricular : Synthesis of Science and Spirituality ' ]",https://scholar.google.co.in/citations?user=qOl1YgEAAAAJ,61,176,https://iitg.ac.in/storage/faculty/683513c12444d401f0bbb89688e3acd1772f.jpg
236,Indian Institute of Technology Guwahati,Ratnajit Bhattacharjee,Electronics and Electrical Engineering Mehta Family School of Data Science and Artificial Intelligence Centre for Sustainable Water Research,https://iitg.ac.in/iitg_faculty_details?name=Ratnajit-Bhattacharjee&fac=UXFIbm5SejdMaW1jdDNTVHZvQVN5QT09,"[ 'Microwave Engineering ' , ' Microstrip Antennas ' , ' Electromagnetics ' , ' Wireless Communication ' ]",https://scholar.google.co.in/citations?user=PQkk6roAAAAJ,14,20,https://iitg.ac.in/storage/faculty/2146faculty.JPG
237,Indian Institute of Technology Guwahati,Rohit Sinha,Electronics and Electrical Engineering Centre for Linguistic Science and Technology,https://iitg.ac.in/iitg_faculty_details?name=Rohit-Sinha&fac=cEdFTS9WUXZPbjA1a2VXRXViZVJpZz09,"Speech and Audio Processing , Speech Recognition , Signal Processing",https://scholar.google.co.in/citations?user=TnFe6usAAAAJ,24,49,https://iitg.ac.in/storage/faculty/4881rohitsinha1.jpg
238,Indian Institute of Technology Guwahati,Rupam Barman,Mathematics,https://iitg.ac.in/iitg_faculty_details?name=Rupam-Barman&fac=TklHZHBxS2RsWkIzT3NabFE1UjViUT09,Number Theory,https://scholar.google.co.in/citations?user=5uhjLmoAAAAJ,9,9,https://iitg.ac.in/storage/faculty/6779rb-maths.jpg
239,Indian Institute of Technology Guwahati,S Senthilmurugan,Chemical Engineering Centre for the Environment Centre for Sustainable Water Research,https://iitg.ac.in/iitg_faculty_details?name=S-Senthilmurugan&fac=R0V3K2pQQU5tR0lRZldCNlFpWHhrdz09,"Modeling and Optimization of Novel Processes , Process Design and Operation of Membrane Separation Processes , Waste and waste water treatment ( WWWT ) for Process Industries , Novel Desalination Technologies , Smart Water Grid , Waste to Energy",https://scholar.google.co.in/citations?user=UvXKUnIAAAAJ,20,38,https://iitg.ac.in/storage/faculty/9717faculty.JPG
240,Indian Institute of Technology Guwahati,S Senthilkumar,Biosciences and Bioengineering Centre for the Environment Centre for Sustainable Polymers,https://iitg.ac.in/iitg_faculty_details?name=S-Senthilkumar&fac=K0VYUDNRYnNMSTdjaUtvMkFGNFNFZz09,"Biocalorimetry , BioPAT , Real-time monitoring and control of bioprocess system",https://scholar.google.co.in/citations?user=l69ukGYAAAAJ,19,34,https://iitg.ac.in/storage/faculty/34316424img.jpg
241,Indian Institute of Technology Guwahati,S. V. Rao,Computer Science and Engineering,https://iitg.ac.in/iitg_faculty_details?name=S.-V.%20Rao&fac=OGdDRzRMZExDMUZ2bmJnelRXVFRQZz09,"Wireless Networks , Software Defined Networking , Algorithms",https://scholar.google.co.in/citations?user=qOl1YgEAAAAJ,61,176,https://iitg.ac.in/storage/faculty/6189faculty.JPG
242,Indian Institute of Technology Guwahati,Sachin Kumar,Biosciences and Bioengineering Centre for Disaster Management and Research Centre for Sustainable Polymers,https://iitg.ac.in/iitg_faculty_details?name=Sachin-Kumar&fac=MXBHZDFhM2JvdGovWVB5QlMwZVpMQT09,Molecular biology of paramyxovirus,https://scholar.google.co.in/citations?user=9Z4kD-sAAAAJ,69,173,https://iitg.ac.in/storage/faculty/4563img.jpg
243,Indian Institute of Technology Guwahati,Sajal K. Deb,Civil Engineering,https://iitg.ac.in/iitg_faculty_details?name=Sajal-K.%20Deb&fac=UUlyeVgxbDNBbEVyRFNVUW82bnB0QT09,* Passive and semi-active control * Application of HyFRC for ductility enhancement . * System identification & structural health monitoring * Seismic vulnerability assessment,https://scholar.google.co.in/citations?user=9Z4kD-sAAAAJ,69,173,https://iitg.ac.in/storage/faculty/1090faculty.JPG
244,Indian Institute of Technology Guwahati,Sambit Mallick,Humanities and Social Sciences Centre for Sustainable Polymers,https://iitg.ac.in/iitg_faculty_details?name=Sambit-Mallick&fac=V2wyQjZtc1FiUjF4bSsrZExKOG5kZz09,Sociology,https://scholar.google.co.in/citations?user=UepEdlUAAAAJ,11,12,https://iitg.ac.in/storage/faculty/7989SM-HSS.jpg
245,Indian Institute of Technology Guwahati,Sandip Paul,Chemistry,https://iitg.ac.in/iitg_faculty_details?name=Sandip-Paul&fac=eXZkK2Y5aTJWT3VBK3hRRkF6SkN4UT09,Computational Biophysics and Chemistry .,https://scholar.google.co.in/citations?user=u2LicBYAAAAJ,25,53,https://iitg.ac.in/storage/faculty/5953Sandip_paul.jpg
246,Indian Institute of Technology Guwahati,"Sanjukta Patra (Head, SART)",Biosciences and Bioengineering Centre for the Environment School of Agro and Rural Technology,"https://iitg.ac.in/iitg_faculty_details?name=Sanjukta-Patra%20%20(Head,%20SART)&fac=YlVUWGxsOE1nUzZpaWcyR1p3dTZZdz09",Enzyme and Microbial Technology,https://scholar.google.co.in/citations?user=CvCugMQAAAAJ,8,6,https://iitg.ac.in/storage/faculty/1677img.jpg
247,Indian Institute of Technology Guwahati,Santosha K. Dwivedy,Mechanical Engineering Centre for Intelligent Cyber-Physical Systems Centre for Sustainable Water Research Centre for Drone Technology,https://iitg.ac.in/iitg_faculty_details?name=Santosha-K.%20Dwivedy&fac=aE1jUnpMTTlvejhKQ1FtMWFLeVFEdz09,Design and Robotics | Non-linear Dynamics | Vibration |,https://scholar.google.co.in/citations?user=9Z4kD-sAAAAJ,69,173,https://iitg.ac.in/storage/faculty/8566img.jpg
248,Indian Institute of Technology Guwahati,"Sashindra K. Kakoty (Founder, SART)",School of Business Mechanical Engineering School of Agro and Rural Technology,"https://iitg.ac.in/iitg_faculty_details?name=Sashindra-K.%20Kakoty%20%20%20(Founder,%20SART)&fac=MEZJeDd6UUtNeThlMXV0SzJGVUpudz09",Rural Technology | Mechanical System Design | Tribology | Duct Acoustics |,https://scholar.google.co.in/citations?user=9Z4kD-sAAAAJ,69,173,https://iitg.ac.in/storage/faculty/960sk.jpg
249,Indian Institute of Technology Guwahati,Saswati Chakraborty,Civil Engineering Centre for the Environment,https://iitg.ac.in/iitg_faculty_details?name=Saswati-Chakraborty&fac=RzJkYWZvV0NLbzBKWWhXS0gxZ1RHZz09,* Water and Wastewater Treatment * Biodegradation of Industrial Wastewater * Removal of Heavy Metals from Wastewater,https://scholar.google.co.in/citations?user=xrvZPdwAAAAJ,25,53,https://iitg.ac.in/storage/faculty/7835faculty.JPG
250,Indian Institute of Technology Guwahati,Satyajit Panda,Mechanical Engineering,https://iitg.ac.in/iitg_faculty_details?name=Satyajit-Panda&fac=OVl1S3YyTFFWOTNDeHYyeHhocDREQT09,FEM | Smart material and structure | Micromechanics | Composite material | Nonlinear vibration | Functionally Graded material and structure |,https://scholar.google.co.in/citations?user=afP23goAAAAJ,19,26,https://iitg.ac.in/storage/faculty/6330img.jpg
251,Indian Institute of Technology Guwahati,Saurabh Basu,Physics,https://iitg.ac.in/iitg_faculty_details?name=Saurabh-Basu&fac=SVVjaE14UkkyT1hzS1B4aUdqcUdnQT09,"Area of correlated electron system with the main focus on bosonic superfluidity in ( optical ) lattice , Effctive model in Fermionic system , Quantum Information theory apply to Condensed matter Physics , BCE-BEC crossover etc .",https://scholar.google.co.in/citations?user=YTdrtRwAAAAJ,18,27,https://iitg.ac.in/storage/faculty/6430faculty.JPG
252,Indian Institute of Technology Guwahati,Sawmya Ray,Humanities and Social Sciences,https://iitg.ac.in/iitg_faculty_details?name=Sawmya-Ray&fac=Y05xSWRIZEV0YlpaZGg3NXVLTlBzUT09,* Sociology of Gender * Sociology of Communication * Sociology of Law * Human Rights,https://scholar.google.co.in/citations?user=9jiwuBIAAAAJ,7,6,https://iitg.ac.in/storage/faculty/4788182b2520b9a193f33726c7b64be8c155.jpg
253,Indian Institute of Technology Guwahati,Seenipandian Ravi,Physics,https://iitg.ac.in/iitg_faculty_details?name=Seenipandian-Ravi&fac=TW8yWDhyVW0xaExOQlRLem8vSE93Zz09,"Magnetism , Superconductivity , Low temperature Physics .",https://scholar.google.co.in/citations?user=SADBPoUAAAAJ,14,20,https://iitg.ac.in/storage/faculty/8460faculty.JPG
254,Indian Institute of Technology Guwahati,Shaik Rafi Ahamed,Electronics and Electrical Engineering,https://iitg.ac.in/iitg_faculty_details?name=Shaik%20Rafi-Ahamed&fac=WExVYlU1VHMzZ3d3T3B1cUhMYVAydz09,"Adaptive Signal Processing , VLSI Signal Processing , Biomedical Signal Processing , Mobile Communications .",https://scholar.google.co.in/citations?user=2cq-lysAAAAJ,20,33,https://iitg.ac.in/storage/faculty/6996faculty.JPG
255,Indian Institute of Technology Guwahati,Shankar Prasad Kanaujia,Biosciences and Bioengineering,https://iitg.ac.in/iitg_faculty_details?name=Shankar%20Prasad-Kanaujia&fac=Tk1CNXB1eXowd282WWFObWU4US9jZz09,Structural Biology and Bioinformatics Studies,https://scholar.google.co.in/citations?user=Zt4JSNYAAAAJ,9,9,https://iitg.ac.in/storage/faculty/9642img.jpg
256,Indian Institute of Technology Guwahati,Sharad Gokhale,Civil Engineering Centre for the Environment,https://iitg.ac.in/iitg_faculty_details?name=Sharad-Gokhale&fac=NTQxUFlpdGErUUh2alJPNE1uenpCdz09,Environmental Engineering,https://scholar.google.co.in/citations?user=uLja4h8AAAAJ,22,31,https://iitg.ac.in/storage/faculty/1305faculty.JPG
257,Indian Institute of Technology Guwahati,Shivashankar B. Nair,Computer Science and Engineering Centre for Intelligent Cyber-Physical Systems,https://iitg.ac.in/iitg_faculty_details?name=Shivashankar%20B.-Nair&fac=dlFPTzJYVWx0ay82SFAyaE5WTUt2dz09,"Artificial Intelligence , Intelligent and Nature-Inspired & Emotional Robots , Mobile Agent base system , Artificial Immune Systems , Intelligent Internet of Things , Cyber-Physical Systems , Natural Language Processing , Genetic Algorithms , Fuzzy Systems & Neural Networks",https://scholar.google.co.in/citations?user=shLBfaQAAAAJ,132,654,https://iitg.ac.in/storage/faculty/1964faculty.JPG
258,Indian Institute of Technology Guwahati,Shreemayee Bora,Mathematics,https://iitg.ac.in/iitg_faculty_details?name=Shreemayee-Bora&fac=QXBDeFgvN2xEcWU5UTZuWVdBcFl1UT09,"Eigenvalue Problems , Spectral Perturbation Theory",https://scholar.google.co.in/citations?user=3WHn3QMAAAAJ,39,76,https://iitg.ac.in/storage/faculty/1293faculty.JPG
259,Indian Institute of Technology Guwahati,Shrikrishna N. Joshi,Mechanical Engineering,https://iitg.ac.in/iitg_faculty_details?name=Shrikrishna-N.%20Joshi&fac=YmdQZ051bVhUYW10WVV2TUhFbXNVQT09,Computer aid design and manufacturing | Process modeling and optimization of advanced manufacturing process | Laser base manufacturing : micro-machining ; bend | Mechatronics and manufacture automation |,https://scholar.google.co.in/citations?user=shLBfaQAAAAJ,132,654,https://iitg.ac.in/storage/faculty/912img.jpg
260,Indian Institute of Technology Guwahati,Shyamanta M. Hazarika,Mechanical Engineering Centre for Linguistic Science and Technology,https://iitg.ac.in/iitg_faculty_details?name=Shyamanta-M.%20Hazarika&fac=SXUxU0plbkFyaG5EYkhYTFVBdVFydz09,Cognitive Systems | Knowledge Representation and Reasoning | Artificial Intelligence | Biomimetic Robotics | Machine Learning | Robotic Neurorehabilitation |,https://scholar.google.co.in/citations?user=9Z4kD-sAAAAJ,69,173,https://iitg.ac.in/storage/faculty/3106SMH-Latest.jpg
261,Indian Institute of Technology Guwahati,Siddhartha P. Chakrabarty,Mathematics Mehta Family School of Data Science and Artificial Intelligence School of Business,https://iitg.ac.in/iitg_faculty_details?name=Siddhartha%20P.-Chakrabarty&fac=cTBaVHIxdGhQNTZkM2E2bWNlTEM5dz09,"Mathematical Biology , Mathematical Finance",https://scholar.google.co.in/citations?user=9Z4kD-sAAAAJ,69,173,https://iitg.ac.in/storage/faculty/9097pratim.jpg
262,Indian Institute of Technology Guwahati,Siddhartha S. Ghosh,Biosciences and Bioengineering Centre for Nanotechnology,https://iitg.ac.in/iitg_faculty_details?name=Siddhartha%20S.-Ghosh&fac=RHR4YzFVcUhwOWpzMVdDck9lOUxYZz09,"Cancer Therapeutics , Nanotheranostics , Exploring New Areas such as , EMT dynamic in microfluidics , Exosomes and Notch signal in cancer",https://scholar.google.co.in/citations?user=qOl1YgEAAAAJ,61,176,https://iitg.ac.in/storage/faculty/2632be9d85d7008403162526611045ad3b2.jpg
263,Indian Institute of Technology Guwahati,Sisir Kumar Nayak,Electronics and Electrical Engineering,https://iitg.ac.in/iitg_faculty_details?name=Sisir%20Kumar-Nayak&fac=SElFM2ZHYU11d3YzMmRjTTRMM2NHdz09,"Power flow analysis in AC and DC traction power system , Electromagnetics , Lightning interaction with an electrical and mechanical system , High Voltage Engineering",https://scholar.google.co.in/citations?user=9Z4kD-sAAAAJ,69,173,https://iitg.ac.in/storage/faculty/5401faculty.JPG
264,Indian Institute of Technology Guwahati,Sitangshu Bikas Santra,Physics,https://iitg.ac.in/iitg_faculty_details?name=Sitangshu-Bikas%20Santra&fac=VDY1S0x4QjIzbmlMTnVUa1hLSm1KZz09,"Condensed Matter Physics , Statistical Physics .",https://scholar.google.co.in/citations?user=bCQK6Q4AAAAJ,13,14,https://iitg.ac.in/storage/faculty/5459faculty.JPG
265,Indian Institute of Technology Guwahati,Somanath Majhi,Electronics and Electrical Engineering,https://iitg.ac.in/iitg_faculty_details?name=Somanath-Majhi&fac=d1BrTWlodFVKVHA4ODB5Q05PbjJIZz09,"Relay Based Identification and Autotuning , Control Systems , Control Theory Applications .",https://scholar.google.co.in/citations?user=17BpQ8UAAAAJ,30,63,https://iitg.ac.in/storage/faculty/9199sm_new.jpg
266,Indian Institute of Technology Guwahati,Sougata Karmakar,Design Centre for Disaster Management and Research,https://iitg.ac.in/iitg_faculty_details?name=Sougata-Karmakar&fac=N3VQRzFwa0E1T2FHa0wwM0FrRFhhQT09,"Virtual Simulation ( CAD and Digital Human Modeling ) 2 . Physical Ergonomics ( Product and Workstation design ) , Cognitive Ergonomics ( Information processing ) , Design and work environment , Design and Occupational Health",https://scholar.google.co.in/citations?user=OsTpMV8AAAAJ,14,21,https://iitg.ac.in/storage/faculty/3995SK-Design.jpg
267,Indian Institute of Technology Guwahati,Sreedeep S.,Civil Engineering Centre for Sustainable Polymers Centre for Sustainable Water Research,https://iitg.ac.in/iitg_faculty_details?name=Sreedeep-S.&fac=MlN6Rjh2aEFwSThsU3RTYWJDeFpYQT09,* Behavioral study on unsaturated porous medium * Characterization of geo-materials ( soil and rock ) * Thermal characteristic of geo-materials * Contaminant transport and retention study * Waste containment study * Landslides,https://scholar.google.co.in/citations?user=qOl1YgEAAAAJ,61,176,https://iitg.ac.in/storage/faculty/4529faculty.JPG
268,Indian Institute of Technology Guwahati,Subashisa Dutta,Centre for Sustainable Water Research Civil Engineering Centre for the Environment,https://iitg.ac.in/iitg_faculty_details?name=Subashisa-Dutta&fac=eVJFblczbnNZT3ZhM2Y4NWk1WlRsQT09,* Meso-Scale Distributed hydrological modeling * Satellite Remote Sensing and GIS for Water resource Management * Computational river hydraulics and its application * Watershed and Irrigation Management,https://scholar.google.co.in/citations?user=HSRALWQAAAAJ,21,44,https://iitg.ac.in/storage/faculty/1743faculty.JPG
269,Indian Institute of Technology Guwahati,Subhas Chandra Pan,Chemistry,https://iitg.ac.in/iitg_faculty_details?name=Subhas%20Chandra-Pan&fac=SEpwR0h1b3VZVmc2ZG5vcWorRENTZz09,"Synthetic organic chemistry : Natural product synthesis with the emphasis of new synthetic methodology ; development of new reaction , asymmetric organocatalysis and transition metal catalysis with new catalyst design ; mechanistic study .",https://scholar.google.co.in/citations?user=poffOnYAAAAJ,22,46,https://iitg.ac.in/storage/faculty/3320faculty.JPG
270,Indian Institute of Technology Guwahati,Subhash Thota,Physics,https://iitg.ac.in/iitg_faculty_details?name=Subhash-Thota&fac=VjZKVjI4WGNDVnpRNFFDM2J4UWw1UT09,Experimental Condensed Matter Physics,https://scholar.google.co.in/citations?user=vOjBt04AAAAJ,23,44,https://iitg.ac.in/storage/faculty/5560faculty.JPG
271,Indian Institute of Technology Guwahati,Subhendu Sekhar Bag,Chemistry Centre for the Environment,https://iitg.ac.in/iitg_faculty_details?name=Subhendu%20Sekhar-Bag&fac=cjlnc1p5aUtWcFpVcUxEVVJ6Y0JUdz09,"Bio-Organic/Medicinal Chemistry of Nucleic Acids , Peptides , and b-Lactam Antibiotics .",https://scholar.google.co.in/citations?user=hJenHXgAAAAJ,21,42,https://iitg.ac.in/storage/faculty/1158faculty.JPG
272,Indian Institute of Technology Guwahati,Subhradip Ghosh,Physics,https://iitg.ac.in/iitg_faculty_details?name=Subhradip-Ghosh&fac=VHQrTDhzd2IzZjJWZzdRSCtKTjlDQT09,"Computational material science , Electronic structure calculation and physic of chemically disorder alloy , magnetic material , complex oxide , material in low dimension .",https://scholar.google.co.in/citations?user=zJOfvfUAAAAJ,48,139,https://iitg.ac.in/storage/faculty/5873faculty.JPG
273,Indian Institute of Technology Guwahati,Subrata K Majumder,Chemical Engineering Centre for the Environment Centre for Sustainable Water Research,https://iitg.ac.in/iitg_faculty_details?name=Subrata%20K-Majumder&fac=b1k1Y0JmMWFQR3Q1VXRlNDhGWUQ4QT09,"Process Intensification in Chemical Processes , Intensification in environmental process system , Micro-nano bubble science and technology and its application , Microchannel-based and Jet driven gas-aided extraction , Mineral Beneficiation , Enhanced Oil Recovery by Micro-nanobubble , Multiphase Flow and Reactor Development",https://scholar.google.co.in/citations?user=9Z4kD-sAAAAJ,69,173,https://iitg.ac.in/storage/faculty/1208faculty.JPG
274,Indian Institute of Technology Guwahati,Sudip Talukdar,Civil Engineering,https://iitg.ac.in/iitg_faculty_details?name=Sudip-Talukdar&fac=OGxoUW92WVpvQWJqZUNHMGVjTzkvZz09,* Structural Dynamics * Bridge Engineering * Wind induce vibration & control * Non destructive technique,https://scholar.google.co.in/citations?user=qLpeiskAAAAJ,6,4,https://iitg.ac.in/storage/faculty/190faculty.JPG
275,Indian Institute of Technology Guwahati,Sukanta Pati,Mathematics,https://iitg.ac.in/iitg_faculty_details?name=Sukanta-Pati&fac=aytOVmRtbnlnS0V5ZU1RVktXL0didz09,Broad area ` Combinatorial Matrix Theorey  and more specifically ` Spectral Graph Theory  .,https://scholar.google.co.in/citations?user=nQC03gQAAAAJ,19,26,https://iitg.ac.in/storage/faculty/358sup-maths.jpg
276,Indian Institute of Technology Guwahati,Sukanya Sharma,Humanities and Social Sciences Centre for Linguistic Science and Technology Centre for Indian Knowledge Systems,https://iitg.ac.in/iitg_faculty_details?name=Sukanya%20Sharma-&fac=MXJaMlBEY2I3dHBhd1hQWTRpL3NEZz09,Archaeology Cultural Studies,https://scholar.google.co.in/citations?user=6fVnNiAAAAAJ,19,32,https://iitg.ac.in/storage/faculty/7330faculty.JPG
277,Indian Institute of Technology Guwahati,Sukhomay Pal,Mechanical Engineering School of Business,https://iitg.ac.in/iitg_faculty_details?name=Sukhomay-Pal&fac=cHZpOGFDazhkRG16VCtiSUk3SWxyUT09,Welding Process Monitoring and Control | Non-Conventional Machining Process | Application of Artificial Neural Network | Tool Condition Monitoring | Genetic Algorithms and Fuzzy logic in manufacturing |,https://scholar.google.co.in/citations?user=3u2qgMcAAAAJ,24,44,https://iitg.ac.in/storage/faculty/5031001.jpg
278,Indian Institute of Technology Guwahati,Sukumar Nandi,Computer Science and Engineering Centre for Linguistic Science and Technology Centre for Drone Technology,https://iitg.ac.in/iitg_faculty_details?name=Sukumar-Nandi&fac=d0M4T0VRN2VQcG5QNUhKdzVtUjZZQT09,"Computer Networks , Computer and Network Security , Data mining , Machine Learning , VLSI , Computer Architecture , Computational Linguistics",https://scholar.google.co.in/citations?user=ChtruacAAAAJ,36,147,https://iitg.ac.in/storage/faculty/9884faculty.JPG
279,Indian Institute of Technology Guwahati,Sumana Dutta,Chemistry,https://iitg.ac.in/iitg_faculty_details?name=Sumana-Dutta&fac=VnRaUktYN3EvR09kY2Rra2txNnJWUT09,Experimental & amp ; Theoretical Physical Chemistry / Self-organization and Nonlinear dynamic .,https://scholar.google.co.in/citations?user=HSRALWQAAAAJ,21,44,https://iitg.ac.in/storage/faculty/3519faculty.JPG
280,Indian Institute of Technology Guwahati,Suresh A. Kartha,Civil Engineering Centre for Sustainable Water Research,https://iitg.ac.in/iitg_faculty_details?name=Suresh-A.%20Kartha&fac=RmZ0dHNkek1aOG1URE5VZ09MN1FYZz09,* Flow and transport through porous medium * Heap leach * Hydrology * Numerical Modeling,https://scholar.google.co.in/citations?user=isPyuFYAAAAJ,71,161,https://iitg.ac.in/storage/faculty/8101faculty.JPG
281,Indian Institute of Technology Guwahati,Sushanta Karmakar,Computer Science and Engineering,https://iitg.ac.in/iitg_faculty_details?name=Sushanta-Karmakar&fac=MS9QMHh6alErNnVOT2JvNkNxSFpRUT09,"Graph Algorithms , Distributed Optimization",https://scholar.google.co.in/citations?user=OsTpMV8AAAAJ,14,21,https://iitg.ac.in/storage/faculty/1444faculty.JPG
282,Indian Institute of Technology Guwahati,Swaroop Nandan Bora,Mathematics,https://iitg.ac.in/iitg_faculty_details?name=Swaroop%20Nandan-Bora&fac=Qkk2N1YzS212Y3Y5Q1Q0RC9vckp2QT09,"Water Wave Mechanics , River Mechanics , Sloshing Dynamics , Flow through Porous Media , Differential Equation , Fractional Differential Equation .",https://scholar.google.co.in/citations?user=HT5yy28AAAAJ,16,33,https://iitg.ac.in/storage/faculty/2555snb-maths.jpg
283,Indian Institute of Technology Guwahati,Swarup Bag,Mechanical Engineering,https://iitg.ac.in/iitg_faculty_details?name=Swarup-Bag&fac=QUZvNmNaSVFsZUtIeWk5NVJIdnpUZz09,Finite Element Method | Residual stress and distortion | Heat transfer and fluid flow in fusion weld | Recrystallization in hot metal form process | Fusion welding process | Optimization in manufacture process | Laser microjoining |,https://scholar.google.co.in/citations?user=dfvFBBMAAAAJ,54,139,https://iitg.ac.in/storage/faculty/9969img.jpg
284,Indian Institute of Technology Guwahati,T. V. Bharat,Civil Engineering Centre for Indian Knowledge Systems Centre for Disaster Management and Research Centre for Sustainable Water Research Centre for Drone Technology,https://iitg.ac.in/iitg_faculty_details?name=T.-V.%20Bharat&fac=RGlPQkNiTHlBK0ZzRVBwcU5pclg2dz09,* Behavior of unsaturated soil during infiltration & drainage * Settlement behavior of ultra-soft soil and mine tailing * Contaminant transport through landfill liner * Mineralogical aspect of clay * Inverse analysis of geotechnical & geoenvironmental engineering problem,https://scholar.google.co.in/citations?user=qOl1YgEAAAAJ,61,176,https://iitg.ac.in/storage/faculty/7319faculty.JPG
